date,l_ipn,r_asn,f
2006-07-01,5,2152,3
2006-07-01,5,3561,3
2006-07-01,5,4134,1
2006-07-01,5,4808,7
2006-07-01,5,8070,6
2006-07-01,5,8075,4
2006-07-01,5,11908,6
2006-07-01,5,13867,2
2006-07-01,5,14366,8
2006-07-01,5,14501,1
2006-07-01,5,15290,2
2006-07-01,5,24915,1
2006-07-02,5,209,1
2006-07-02,5,766,1
2006-07-02,5,2152,2
2006-07-02,5,3269,5
2006-07-02,5,3356,1
2006-07-02,5,3593,1
2006-07-02,5,4134,10
2006-07-02,5,4808,7
2006-07-02,5,4837,2
2006-07-02,5,8070,5
2006-07-02,5,8075,5
2006-07-02,5,10139,7
2006-07-02,5,11351,2
2006-07-02,5,13749,1
2006-07-02,5,13867,2
2006-07-02,5,14366,4
2006-07-02,5,17184,2
2006-07-02,5,17429,2
2006-07-03,5,680,2
2006-07-03,5,2152,2
2006-07-03,5,3269,6
2006-07-03,5,3561,4
2006-07-03,5,4134,3
2006-07-03,5,4230,2
2006-07-03,5,4513,2
2006-07-03,5,4766,1
2006-07-03,5,4808,3
2006-07-03,5,6432,4
2006-07-03,5,7132,2
2006-07-03,5,8070,6
2006-07-03,5,8075,6
2006-07-03,5,9156,1
2006-07-03,5,9271,2
2006-07-03,5,9316,1
2006-07-03,5,9394,1
2006-07-03,5,12222,3
2006-07-03,5,13867,2
2006-07-03,5,14779,1
2006-07-03,5,15169,3
2006-07-03,5,18229,2
2006-07-03,5,19318,6
2006-07-03,5,21844,1
2006-07-03,5,22781,1
2006-07-03,5,26085,1
2006-07-03,5,26101,2
2006-07-03,5,26201,1
2006-07-04,5,852,2
2006-07-04,5,2152,2
2006-07-04,5,2418,2
2006-07-04,5,3269,22
2006-07-04,5,3354,2
2006-07-04,5,3356,1
2006-07-04,5,3561,2
2006-07-04,5,4134,4
2006-07-04,5,4589,4
2006-07-04,5,4812,1
2006-07-04,5,8070,4
2006-07-04,5,8075,5
2006-07-04,5,9271,2
2006-07-04,5,9800,2
2006-07-04,5,9812,1
2006-07-04,5,13867,2
2006-07-04,5,18229,2
2006-07-04,5,19191,2
2006-07-04,5,27699,2
2006-07-05,5,4,1
2006-07-05,5,286,6
2006-07-05,5,553,6
2006-07-05,5,2152,2
2006-07-05,5,3356,1
2006-07-05,5,3561,1
2006-07-05,5,4538,77
2006-07-05,5,4766,2
2006-07-05,5,4837,15
2006-07-05,5,8070,3
2006-07-05,5,8075,6
2006-07-05,5,10292,4
2006-07-05,5,13749,2
2006-07-05,5,13867,2
2006-07-05,5,27715,1
2006-07-06,5,2152,2
2006-07-06,5,3561,2
2006-07-06,5,4134,1
2006-07-06,5,4766,1
2006-07-06,5,8070,5
2006-07-06,5,8075,5
2006-07-06,5,11062,6
2006-07-06,5,12297,2
2006-07-06,5,13867,2
2006-07-06,5,18229,2
2006-07-06,5,20773,2
2006-07-06,5,25956,2
2006-07-06,5,34104,2
2006-07-07,5,205,1
2006-07-07,5,1257,1
2006-07-07,5,2152,2
2006-07-07,5,3561,3
2006-07-07,5,4134,29
2006-07-07,5,6478,4
2006-07-07,5,7132,1
2006-07-07,5,8070,6
2006-07-07,5,8075,5
2006-07-07,5,9318,3
2006-07-07,5,13867,2
2006-07-08,5,209,2
2006-07-08,5,2152,3
2006-07-08,5,3356,2
2006-07-08,5,3561,1
2006-07-08,5,3786,1
2006-07-08,5,4134,5
2006-07-08,5,4837,18
2006-07-08,5,5617,1
2006-07-08,5,8070,5
2006-07-08,5,8075,4
2006-07-08,5,13867,2
2006-07-08,5,14383,2
2006-07-08,5,17964,1
2006-07-08,5,25074,2
2006-07-08,5,27696,2
2006-07-09,5,2152,2
2006-07-09,5,3356,2
2006-07-09,5,3561,1
2006-07-09,5,4134,1
2006-07-09,5,4323,2
2006-07-09,5,4766,2
2006-07-09,5,4837,3
2006-07-09,5,8070,5
2006-07-09,5,8075,5
2006-07-09,5,8881,2
2006-07-09,5,9916,1
2006-07-09,5,13867,2
2006-07-09,5,14265,2
2006-07-09,5,17672,2
2006-07-09,5,17897,4
2006-07-09,5,20718,5
2006-07-09,5,21522,2
2006-07-10,5,2152,2
2006-07-10,5,3561,1
2006-07-10,5,4134,6
2006-07-10,5,4808,6
2006-07-10,5,4812,2
2006-07-10,5,6079,16
2006-07-10,5,7132,1
2006-07-10,5,7788,1
2006-07-10,5,8070,6
2006-07-10,5,8075,3
2006-07-10,5,8708,1
2006-07-10,5,9394,1
2006-07-10,5,13867,2
2006-07-10,5,17672,2
2006-07-10,5,17897,2
2006-07-10,5,20401,1
2006-07-10,5,24940,1
2006-07-10,5,30380,2
2006-07-11,5,1668,4
2006-07-11,5,2152,3
2006-07-11,5,3320,8
2006-07-11,5,3356,1
2006-07-11,5,3561,2
2006-07-11,5,4134,106
2006-07-11,5,4538,6
2006-07-11,5,4804,6
2006-07-11,5,4837,1
2006-07-11,5,7132,4
2006-07-11,5,8070,5
2006-07-11,5,8075,7
2006-07-11,5,13867,2
2006-07-11,5,14265,2
2006-07-12,5,2152,2
2006-07-12,5,3561,3
2006-07-12,5,4134,2
2006-07-12,5,4766,1
2006-07-12,5,4812,2
2006-07-12,5,4837,1
2006-07-12,5,8070,7
2006-07-12,5,8075,3
2006-07-12,5,13867,2
2006-07-12,5,15464,1
2006-07-12,5,17964,1
2006-07-12,5,21840,2
2006-07-13,5,3356,1
2006-07-13,5,4134,2
2006-07-13,5,4230,2
2006-07-13,5,4766,2
2006-07-13,5,4814,5
2006-07-13,5,4837,1
2006-07-13,5,7015,11
2006-07-13,5,7341,1
2006-07-13,5,8070,2
2006-07-13,5,8866,1
2006-07-13,5,8972,1
2006-07-13,5,13488,6
2006-07-13,5,13867,2
2006-07-13,5,14501,2
2006-07-13,5,16206,1
2006-07-13,5,19817,1
2006-07-14,5,8,6
2006-07-14,5,852,4
2006-07-14,5,3561,1
2006-07-14,5,4134,2
2006-07-14,5,4812,1
2006-07-14,5,7018,2
2006-07-14,5,8075,2
2006-07-14,5,13571,3
2006-07-14,5,13867,2
2006-07-14,5,22822,4
2006-07-14,5,23724,3
2006-07-15,5,81,2
2006-07-15,5,209,1
2006-07-15,5,701,2
2006-07-15,5,2152,1
2006-07-15,5,3356,1
2006-07-15,5,3561,1
2006-07-15,5,4134,2
2006-07-15,5,4436,4
2006-07-15,5,4837,308
2006-07-15,5,5078,2
2006-07-15,5,8075,4
2006-07-15,5,9457,1
2006-07-15,5,9800,4
2006-07-15,5,10223,1
2006-07-15,5,13749,5
2006-07-15,5,14501,1
2006-07-15,5,17785,2
2006-07-15,5,19742,1
2006-07-15,5,23724,1
2006-07-15,5,24138,1
2006-07-15,5,31252,1
2006-07-16,5,205,3
2006-07-16,5,1241,2
2006-07-16,5,1785,2
2006-07-16,5,3561,1
2006-07-16,5,4134,1
2006-07-16,5,4732,2
2006-07-16,5,6724,1
2006-07-16,5,7132,1
2006-07-16,5,8070,2
2006-07-16,5,8560,2
2006-07-16,5,8972,2
2006-07-16,5,18302,2
2006-07-16,5,35005,7
2006-07-17,5,8,2
2006-07-17,5,27,1
2006-07-17,5,2828,2
2006-07-17,5,2907,2
2006-07-17,5,3320,2
2006-07-17,5,3561,1
2006-07-17,5,4323,2
2006-07-17,5,4812,2
2006-07-17,5,5078,6
2006-07-17,5,5396,1
2006-07-17,5,5617,2
2006-07-17,5,8070,2
2006-07-17,5,10429,1
2006-07-17,5,12252,2
2006-07-17,5,13693,2
2006-07-17,5,13749,1
2006-07-17,5,15542,1
2006-07-17,5,31252,1
2006-07-18,5,2152,2
2006-07-18,5,3215,2
2006-07-18,5,3356,1
2006-07-18,5,4134,3
2006-07-18,5,5408,2
2006-07-18,5,6429,1
2006-07-18,5,8070,2
2006-07-18,5,12392,11
2006-07-18,5,21844,1
2006-07-18,5,24851,4
2006-07-18,5,28753,2
2006-07-19,5,3356,1
2006-07-19,5,3462,1
2006-07-19,5,3561,1
2006-07-19,5,4812,1
2006-07-19,5,4837,4
2006-07-19,5,5078,2
2006-07-19,5,7132,1
2006-07-19,5,8070,4
2006-07-19,5,9116,2
2006-07-19,5,9919,1
2006-07-19,5,11351,2
2006-07-19,5,19094,3
2006-07-20,5,1668,2
2006-07-20,5,3462,1
2006-07-20,5,4134,3
2006-07-20,5,4766,1
2006-07-20,5,4812,1
2006-07-20,5,4837,9
2006-07-20,5,7132,1
2006-07-20,5,8070,2
2006-07-20,5,9800,2
2006-07-20,5,9803,2
2006-07-20,5,25074,1
2006-07-21,5,81,2
2006-07-21,5,3462,1
2006-07-21,5,3561,1
2006-07-21,5,4134,35
2006-07-21,5,4837,31
2006-07-21,5,6221,6
2006-07-21,5,6478,1
2006-07-21,5,6724,4
2006-07-21,5,7132,1
2006-07-21,5,8070,2
2006-07-21,5,8151,1
2006-07-21,5,8321,1
2006-07-21,5,8708,1
2006-07-21,5,9394,1
2006-07-21,5,13749,4
2006-07-21,5,17850,2
2006-07-22,5,8,2
2006-07-22,5,209,5
2006-07-22,5,2152,22
2006-07-22,5,3356,3
2006-07-22,5,3561,5
2006-07-22,5,3786,2
2006-07-22,5,4134,10
2006-07-22,5,4538,3
2006-07-22,5,4691,1
2006-07-22,5,4766,1
2006-07-22,5,4808,3
2006-07-22,5,4812,2
2006-07-22,5,4837,1
2006-07-22,5,6467,1
2006-07-22,5,6746,1
2006-07-22,5,8070,1
2006-07-22,5,8075,1
2006-07-22,5,9156,1
2006-07-22,5,9457,1
2006-07-22,5,10421,1
2006-07-22,5,11103,1
2006-07-22,5,11486,3
2006-07-22,5,11608,4
2006-07-22,5,12222,3
2006-07-22,5,12252,1
2006-07-22,5,13749,2
2006-07-22,5,13867,4
2006-07-22,5,14501,1
2006-07-22,5,14776,2
2006-07-22,5,14985,2
2006-07-22,5,15169,18
2006-07-22,5,16509,1
2006-07-22,5,18118,7
2006-07-22,5,21844,1
2006-07-22,5,22781,1
2006-07-22,5,26085,2
2006-07-22,5,26101,28
2006-07-22,5,26201,1
2006-07-22,5,27183,1
2006-07-22,5,30217,10
2006-07-22,5,32666,1
2006-07-23,5,209,10
2006-07-23,5,559,4
2006-07-23,5,702,5
2006-07-23,5,2152,103
2006-07-23,5,2828,2
2006-07-23,5,2914,1
2006-07-23,5,3269,3
2006-07-23,5,3356,3
2006-07-23,5,3462,1
2006-07-23,5,3561,36
2006-07-23,5,4134,11
2006-07-23,5,4538,1
2006-07-23,5,4766,2
2006-07-23,5,6432,27
2006-07-23,5,7132,1
2006-07-23,5,8001,2
2006-07-23,5,8070,5
2006-07-23,5,8075,5
2006-07-23,5,8560,1
2006-07-23,5,9156,10
2006-07-23,5,9318,1
2006-07-23,5,10532,8
2006-07-23,5,10552,4
2006-07-23,5,10565,1
2006-07-23,5,10933,2
2006-07-23,5,11274,1
2006-07-23,5,11486,15
2006-07-23,5,12168,1
2006-07-23,5,12182,1
2006-07-23,5,12222,14
2006-07-23,5,13601,31
2006-07-23,5,13649,2
2006-07-23,5,13749,2
2006-07-23,5,13867,2
2006-07-23,5,14173,1
2006-07-23,5,14446,59
2006-07-23,5,14743,69
2006-07-23,5,14744,4
2006-07-23,5,14776,4
2006-07-23,5,14779,13
2006-07-23,5,14780,2
2006-07-23,5,14829,3
2006-07-23,5,15169,93
2006-07-23,5,16509,11
2006-07-23,5,20115,2
2006-07-23,5,21568,3
2006-07-23,5,21844,120
2006-07-23,5,22781,3
2006-07-23,5,23719,7
2006-07-23,5,25751,9
2006-07-23,5,26085,15
2006-07-23,5,26101,107
2006-07-23,5,26201,3
2006-07-23,5,26277,1
2006-07-23,5,30015,1
2006-07-23,5,30209,4
2006-07-23,5,30496,2
2006-07-23,5,30983,1
2006-07-23,5,33739,5
2006-07-23,5,36839,2
2006-07-24,5,8,2
2006-07-24,5,2152,2
2006-07-24,5,3257,1
2006-07-24,5,3269,2
2006-07-24,5,3340,1
2006-07-24,5,3491,2
2006-07-24,5,3561,3
2006-07-24,5,4134,2
2006-07-24,5,4230,1
2006-07-24,5,4766,6
2006-07-24,5,4812,2
2006-07-24,5,4837,15
2006-07-24,5,5408,2
2006-07-24,5,6746,1
2006-07-24,5,7132,3
2006-07-24,5,8070,5
2006-07-24,5,8075,6
2006-07-24,5,9370,2
2006-07-24,5,9457,2
2006-07-24,5,13867,2
2006-07-24,5,14117,2
2006-07-24,5,14280,1
2006-07-24,5,18812,1
2006-07-24,5,25369,1
2006-07-24,5,27699,1
2006-07-24,5,30983,1
2006-07-25,5,1955,2
2006-07-25,5,2152,4
2006-07-25,5,3462,1
2006-07-25,5,3561,3
2006-07-25,5,3595,2
2006-07-25,5,3786,2
2006-07-25,5,4134,2
2006-07-25,5,4713,2
2006-07-25,5,5713,1
2006-07-25,5,6140,2
2006-07-25,5,6867,1
2006-07-25,5,7018,1
2006-07-25,5,7132,1
2006-07-25,5,8070,7
2006-07-25,5,8075,3
2006-07-25,5,8167,1
2006-07-25,5,9156,1
2006-07-25,5,13041,1
2006-07-25,5,13867,2
2006-07-25,5,15169,4
2006-07-25,5,16735,1
2006-07-25,5,17964,34
2006-07-25,5,21844,1
2006-07-25,5,22026,1
2006-07-25,5,22653,2
2006-07-25,5,22781,1
2006-07-25,5,24900,1
2006-07-25,5,26085,1
2006-07-25,5,26101,2
2006-07-25,5,26201,1
2006-07-26,5,1239,2
2006-07-26,5,2152,2
2006-07-26,5,3356,1
2006-07-26,5,3561,1
2006-07-26,5,4134,2
2006-07-26,5,4837,22
2006-07-26,5,5778,2
2006-07-26,5,8070,4
2006-07-26,5,8075,5
2006-07-26,5,8522,2
2006-07-26,5,13867,2
2006-07-26,5,17775,2
2006-07-26,5,18942,2
2006-07-26,5,22773,1
2006-07-26,5,24900,2
2006-07-26,5,24940,1
2006-07-26,5,28753,1
2006-07-26,5,33130,1
2006-07-26,5,35216,2
2006-07-27,5,27,1
2006-07-27,5,2152,3
2006-07-27,5,3209,3
2006-07-27,5,3561,1
2006-07-27,5,3786,2
2006-07-27,5,4812,2
2006-07-27,5,5617,2
2006-07-27,5,6364,2
2006-07-27,5,6724,3
2006-07-27,5,7018,6
2006-07-27,5,7132,1
2006-07-27,5,7332,2
2006-07-27,5,8070,4
2006-07-27,5,8075,6
2006-07-27,5,8708,3
2006-07-27,5,11071,1
2006-07-27,5,12322,2
2006-07-27,5,13749,2
2006-07-27,5,13867,2
2006-07-27,5,17897,1
2006-07-27,5,18566,1
2006-07-27,5,27257,2
2006-07-27,5,30496,2
2006-07-27,5,32575,2
2006-07-28,5,46,1
2006-07-28,5,852,2
2006-07-28,5,1901,3
2006-07-28,5,2152,2
2006-07-28,5,3561,3
2006-07-28,5,4134,7
2006-07-28,5,4812,4
2006-07-28,5,8070,8
2006-07-28,5,8075,3
2006-07-28,5,8708,1
2006-07-28,5,8972,6
2006-07-28,5,9316,2
2006-07-28,5,9800,2
2006-07-28,5,9803,1
2006-07-28,5,12322,4
2006-07-28,5,13749,1
2006-07-28,5,13867,2
2006-07-28,5,15083,2
2006-07-28,5,17964,1
2006-07-28,5,20161,1
2006-07-28,5,21844,2
2006-07-28,5,24400,2
2006-07-28,5,25761,1
2006-07-28,5,29208,3
2006-07-28,5,30315,1
2006-07-29,5,553,4
2006-07-29,5,702,4
2006-07-29,5,2152,3
2006-07-29,5,3112,3
2006-07-29,5,3215,1
2006-07-29,5,3269,4
2006-07-29,5,3356,3
2006-07-29,5,3388,4
2006-07-29,5,3561,1
2006-07-29,5,4812,2
2006-07-29,5,6568,1
2006-07-29,5,8070,4
2006-07-29,5,8075,6
2006-07-29,5,12769,2
2006-07-29,5,13041,2
2006-07-29,5,13867,2
2006-07-29,5,15512,2
2006-07-29,5,27257,1
2006-07-29,5,27364,2
2006-07-29,5,30058,1
2006-07-29,5,30380,4
2006-07-30,5,2152,2
2006-07-30,5,2614,1
2006-07-30,5,4134,22
2006-07-30,5,4837,18
2006-07-30,5,6140,1
2006-07-30,5,6453,2
2006-07-30,5,7132,3
2006-07-30,5,8070,6
2006-07-30,5,8075,3
2006-07-30,5,8166,1
2006-07-30,5,9318,2
2006-07-30,5,13867,2
2006-07-30,5,14492,2
2006-07-30,5,15471,2
2006-07-30,5,17465,1
2006-07-30,5,18302,1
2006-07-30,5,30315,2
2006-07-31,5,2152,1
2006-07-31,5,3112,1
2006-07-31,5,3561,2
2006-07-31,5,3595,3
2006-07-31,5,4134,38
2006-07-31,5,5483,1
2006-07-31,5,7132,5
2006-07-31,5,8070,6
2006-07-31,5,8075,4
2006-07-31,5,13867,2
2006-07-31,5,14361,2
2006-07-31,5,15557,1
2006-07-31,5,18118,1
2006-07-31,5,19029,2
2006-07-31,5,19169,1
2006-07-31,5,20474,6
2006-07-31,5,23724,4
2006-08-01,5,2152,2
2006-08-01,5,3320,4
2006-08-01,5,3356,2
2006-08-01,5,3561,1
2006-08-01,5,4134,1
2006-08-01,5,4812,2
2006-08-01,5,7132,23
2006-08-01,5,8070,3
2006-08-01,5,8075,8
2006-08-01,5,9316,1
2006-08-01,5,12322,1
2006-08-01,5,13867,2
2006-08-01,5,16246,1
2006-08-01,5,18118,4
2006-08-01,5,25525,2
2006-08-02,5,1239,1
2006-08-02,5,2152,2
2006-08-02,5,2900,5
2006-08-02,5,3320,2
2006-08-02,5,3561,1
2006-08-02,5,4134,26
2006-08-02,5,4230,1
2006-08-02,5,7132,2
2006-08-02,5,8070,6
2006-08-02,5,8075,5
2006-08-02,5,8708,1
2006-08-02,5,13867,2
2006-08-02,5,17676,2
2006-08-02,5,21844,1
2006-08-02,5,27257,2
2006-08-02,5,39561,1
2006-08-03,5,2152,2
2006-08-03,5,2614,2
2006-08-03,5,3462,2
2006-08-03,5,3561,1
2006-08-03,5,4134,10
2006-08-03,5,4766,5
2006-08-03,5,4812,4
2006-08-03,5,4837,2
2006-08-03,5,5483,2
2006-08-03,5,5719,2
2006-08-03,5,6128,2
2006-08-03,5,7132,2
2006-08-03,5,8070,3
2006-08-03,5,8075,6
2006-08-03,5,9803,2
2006-08-03,5,12181,1
2006-08-03,5,13867,2
2006-08-03,5,15305,2
2006-08-04,5,701,3
2006-08-04,5,1239,1
2006-08-04,5,1955,4
2006-08-04,5,2152,2
2006-08-04,5,3561,4
2006-08-04,5,4812,14
2006-08-04,5,5413,2
2006-08-04,5,8070,6
2006-08-04,5,8075,4
2006-08-04,5,9155,5
2006-08-04,5,9371,1
2006-08-04,5,9768,4
2006-08-04,5,13867,2
2006-08-04,5,25232,2
2006-08-04,5,32475,1
2006-08-05,5,2152,3
2006-08-05,5,3561,1
2006-08-05,5,3591,1
2006-08-05,5,4134,23
2006-08-05,5,4323,1
2006-08-05,5,4665,2
2006-08-05,5,4732,2
2006-08-05,5,4812,2
2006-08-05,5,5413,1
2006-08-05,5,7132,1
2006-08-05,5,7497,1
2006-08-05,5,8070,7
2006-08-05,5,8075,3
2006-08-05,5,9803,1
2006-08-05,5,9808,1
2006-08-05,5,9812,24
2006-08-05,5,12778,1
2006-08-05,5,13749,1
2006-08-05,5,13867,2
2006-08-05,5,15974,2
2006-08-05,5,25560,1
2006-08-05,5,29131,2
2006-08-05,5,32475,3
2006-08-06,5,12,2
2006-08-06,5,17,1
2006-08-06,5,156,1
2006-08-06,5,209,1
2006-08-06,5,1955,4
2006-08-06,5,2042,4
2006-08-06,5,2116,2
2006-08-06,5,2152,4
2006-08-06,5,3790,1
2006-08-06,5,4134,11
2006-08-06,5,4538,1
2006-08-06,5,4766,2
2006-08-06,5,7132,1
2006-08-06,5,7303,1
2006-08-06,5,7497,1
2006-08-06,5,8070,8
2006-08-06,5,8075,3
2006-08-06,5,9353,1
2006-08-06,5,13867,2
2006-08-06,5,14492,1
2006-08-06,5,24940,1
2006-08-06,5,29550,2
2006-08-07,5,1955,1
2006-08-07,5,2152,3
2006-08-07,5,3462,5
2006-08-07,5,3561,1
2006-08-07,5,4134,2
2006-08-07,5,4837,29
2006-08-07,5,6167,2
2006-08-07,5,7132,2
2006-08-07,5,8070,5
2006-08-07,5,8075,6
2006-08-07,5,13867,2
2006-08-07,5,14265,2
2006-08-07,5,15083,2
2006-08-07,5,18177,5
2006-08-07,5,19262,1
2006-08-07,5,25973,1
2006-08-07,5,30340,2
2006-08-08,5,209,1
2006-08-08,5,2152,3
2006-08-08,5,3595,1
2006-08-08,5,3741,1
2006-08-08,5,4134,4
2006-08-08,5,4713,4
2006-08-08,5,4732,4
2006-08-08,5,4812,3
2006-08-08,5,7132,1
2006-08-08,5,8070,8
2006-08-08,5,8075,3
2006-08-08,5,9712,2
2006-08-08,5,9829,2
2006-08-08,5,12173,2
2006-08-08,5,13867,2
2006-08-08,5,15305,4
2006-08-08,5,33314,1
2006-08-08,5,35017,1
2006-08-09,5,2152,9
2006-08-09,5,2697,2
2006-08-09,5,2914,2
2006-08-09,5,3215,1
2006-08-09,5,3269,2
2006-08-09,5,3790,2
2006-08-09,5,7132,2
2006-08-09,5,8070,4
2006-08-09,5,8075,6
2006-08-09,5,9803,1
2006-08-09,5,13867,2
2006-08-09,5,21844,2
2006-08-09,5,29550,2
2006-08-09,5,31797,5
2006-08-10,5,209,2
2006-08-10,5,1668,3
2006-08-10,5,1901,1
2006-08-10,5,2152,9
2006-08-10,5,2828,1
2006-08-10,5,3549,2
2006-08-10,5,3595,1
2006-08-10,5,4713,4
2006-08-10,5,4812,2
2006-08-10,5,4837,25
2006-08-10,5,5763,4
2006-08-10,5,6147,4
2006-08-10,5,7132,2
2006-08-10,5,8070,5
2006-08-10,5,8075,5
2006-08-10,5,9706,1
2006-08-10,5,13867,2
2006-08-10,5,14361,2
2006-08-10,5,17184,3
2006-08-10,5,19916,1
2006-08-10,5,36066,4
2006-08-11,5,209,1
2006-08-11,5,680,2
2006-08-11,5,1133,2
2006-08-11,5,2152,10
2006-08-11,5,4134,8
2006-08-11,5,4837,1
2006-08-11,5,7132,1
2006-08-11,5,8070,5
2006-08-11,5,8075,6
2006-08-11,5,13867,2
2006-08-11,5,26496,1
2006-08-12,5,209,2
2006-08-12,5,680,2
2006-08-12,5,786,2
2006-08-12,5,1221,2
2006-08-12,5,2152,9
2006-08-12,5,4134,4
2006-08-12,5,4766,4
2006-08-12,5,4837,23
2006-08-12,5,7018,1
2006-08-12,5,8070,6
2006-08-12,5,8075,6
2006-08-12,5,8220,8
2006-08-12,5,10013,1
2006-08-12,5,11908,8
2006-08-12,5,13867,2
2006-08-12,5,15412,5
2006-08-12,5,18566,4
2006-08-12,5,24587,3
2006-08-12,5,29550,2
2006-08-12,5,30380,4
2006-08-12,5,32613,1
2006-08-13,5,226,1
2006-08-13,5,786,2
2006-08-13,5,2152,7
2006-08-13,5,2527,4
2006-08-13,5,3320,2
2006-08-13,5,4134,10
2006-08-13,5,4323,4
2006-08-13,5,4713,3
2006-08-13,5,4837,1
2006-08-13,5,7132,1
2006-08-13,5,8070,5
2006-08-13,5,8075,4
2006-08-13,5,13749,1
2006-08-13,5,13867,2
2006-08-13,5,19262,4
2006-08-13,5,23724,4
2006-08-13,5,26496,1
2006-08-13,5,29550,2
2006-08-13,5,30380,2
2006-08-14,5,137,2
2006-08-14,5,209,2
2006-08-14,5,226,1
2006-08-14,5,2152,22
2006-08-14,5,3561,5
2006-08-14,5,4134,2
2006-08-14,5,4766,4
2006-08-14,5,6432,9
2006-08-14,5,6966,10
2006-08-14,5,7018,15
2006-08-14,5,7342,2
2006-08-14,5,7896,2
2006-08-14,5,8070,7
2006-08-14,5,8075,3
2006-08-14,5,8190,4
2006-08-14,5,11604,2
2006-08-14,5,13867,2
2006-08-14,5,14779,6
2006-08-14,5,15169,21
2006-08-14,5,15635,3
2006-08-14,5,17110,10
2006-08-14,5,18245,1
2006-08-14,5,18942,2
2006-08-14,5,22822,8
2006-08-14,5,22846,2
2006-08-14,5,25751,3
2006-08-14,5,26085,8
2006-08-14,5,26101,28
2006-08-14,5,26277,2
2006-08-14,5,30060,4
2006-08-14,5,33278,2
2006-08-14,5,36839,3
2006-08-15,5,137,4
2006-08-15,5,680,2
2006-08-15,5,2107,2
2006-08-15,5,2152,4
2006-08-15,5,3269,5
2006-08-15,5,3320,2
2006-08-15,5,3356,1
2006-08-15,5,3561,1
2006-08-15,5,4134,3
2006-08-15,5,4766,3
2006-08-15,5,7796,1
2006-08-15,5,8070,4
2006-08-15,5,8075,6
2006-08-15,5,11908,2
2006-08-15,5,13867,2
2006-08-15,5,14744,3
2006-08-15,5,15965,1
2006-08-15,5,18566,2
2006-08-15,5,22822,4
2006-08-15,5,29550,4
2006-08-16,5,174,2
2006-08-16,5,1668,5
2006-08-16,5,2152,6
2006-08-16,5,2614,2
2006-08-16,5,2697,1
2006-08-16,5,3064,1
2006-08-16,5,4134,11
2006-08-16,5,4713,2
2006-08-16,5,6724,2
2006-08-16,5,7018,3
2006-08-16,5,7132,2
2006-08-16,5,8070,9
2006-08-16,5,8075,5
2006-08-16,5,8220,3
2006-08-16,5,9316,1
2006-08-16,5,12322,3
2006-08-16,5,13867,4
2006-08-16,5,18182,2
2006-08-16,5,22489,1
2006-08-16,5,31797,2
2006-08-17,5,209,1
2006-08-17,5,2152,3
2006-08-17,5,3356,2
2006-08-17,5,4134,11
2006-08-17,5,4812,1
2006-08-17,5,6325,2
2006-08-17,5,8070,6
2006-08-17,5,8075,4
2006-08-17,5,9304,1
2006-08-17,5,13867,2
2006-08-17,5,21844,1
2006-08-17,5,27257,3
2006-08-17,5,31983,1
2006-08-18,5,87,1
2006-08-18,5,2152,1
2006-08-18,5,3356,1
2006-08-18,5,4134,4
2006-08-18,5,4766,4
2006-08-18,5,5078,6
2006-08-18,5,6802,4
2006-08-18,5,7018,2
2006-08-18,5,8070,6
2006-08-18,5,8075,3
2006-08-18,5,8342,1
2006-08-18,5,9583,2
2006-08-18,5,12322,4
2006-08-18,5,12578,2
2006-08-18,5,13867,2
2006-08-18,5,14361,1
2006-08-18,5,20940,5
2006-08-18,5,21844,2
2006-08-18,5,29550,2
2006-08-18,5,32613,2
2006-08-19,5,137,2
2006-08-19,5,1659,2
2006-08-19,5,2152,5
2006-08-19,5,3215,2
2006-08-19,5,3292,2
2006-08-19,5,3505,1
2006-08-19,5,4134,322
2006-08-19,5,4713,7
2006-08-19,5,5413,1
2006-08-19,5,7132,2
2006-08-19,5,8070,7
2006-08-19,5,8075,3
2006-08-19,5,8972,1
2006-08-19,5,9318,1
2006-08-19,5,9930,2
2006-08-19,5,13767,1
2006-08-19,5,13867,2
2006-08-19,5,21844,3
2006-08-20,5,2152,6
2006-08-20,5,2501,1
2006-08-20,5,3320,1
2006-08-20,5,3561,1
2006-08-20,5,4134,1
2006-08-20,5,4837,1
2006-08-20,5,6197,2
2006-08-20,5,7796,1
2006-08-20,5,8070,6
2006-08-20,5,8075,4
2006-08-20,5,8514,1
2006-08-20,5,9304,1
2006-08-20,5,9371,1
2006-08-20,5,9768,2
2006-08-20,5,9800,1
2006-08-20,5,13407,2
2006-08-20,5,13867,2
2006-08-20,5,18566,2
2006-08-20,5,21840,1
2006-08-20,5,21844,1
2006-08-20,5,24940,4
2006-08-20,5,26458,1
2006-08-20,5,30315,2
2006-08-20,5,40028,1
2006-08-21,5,2152,4
2006-08-21,5,3320,1
2006-08-21,5,3561,1
2006-08-21,5,4134,1
2006-08-21,5,4713,2
2006-08-21,5,4750,3
2006-08-21,5,4766,2
2006-08-21,5,4837,1
2006-08-21,5,7132,2
2006-08-21,5,7455,4
2006-08-21,5,8070,6
2006-08-21,5,8075,4
2006-08-21,5,8402,2
2006-08-21,5,13867,2
2006-08-21,5,18302,1
2006-08-21,5,21844,2
2006-08-21,5,24940,2
2006-08-21,5,29550,5
2006-08-22,5,2152,5
2006-08-22,5,2914,4
2006-08-22,5,3269,1
2006-08-22,5,3356,1
2006-08-22,5,3561,1
2006-08-22,5,4134,18
2006-08-22,5,4538,46
2006-08-22,5,4750,1
2006-08-22,5,6478,1
2006-08-22,5,7545,2
2006-08-22,5,8070,4
2006-08-22,5,8075,5
2006-08-22,5,8560,1
2006-08-22,5,10197,1
2006-08-22,5,12832,2
2006-08-22,5,13601,2
2006-08-22,5,13867,2
2006-08-22,5,17676,1
2006-08-22,5,19094,6
2006-08-22,5,32632,2
2006-08-23,5,209,1
2006-08-23,5,2152,4
2006-08-23,5,3269,13
2006-08-23,5,3561,1
2006-08-23,5,4134,2
2006-08-23,5,4812,3
2006-08-23,5,6197,6
2006-08-23,5,8070,7
2006-08-23,5,8075,3
2006-08-23,5,9394,1
2006-08-23,5,12271,2
2006-08-23,5,13867,2
2006-08-23,5,14501,2
2006-08-23,5,17839,4
2006-08-23,5,21844,1
2006-08-23,5,24679,1
2006-08-23,5,29339,1
2006-08-23,5,33650,26
2006-08-24,5,1659,2
2006-08-24,5,2152,3
2006-08-24,5,3561,1
2006-08-24,5,4134,2
2006-08-24,5,6057,2
2006-08-24,5,6385,2
2006-08-24,5,6395,2
2006-08-24,5,6478,2
2006-08-24,5,8070,3
2006-08-24,5,8075,6
2006-08-24,5,11172,1
2006-08-24,5,12874,6
2006-08-24,5,13867,2
2006-08-24,5,29550,2
2006-08-25,5,2152,9
2006-08-25,5,3462,2
2006-08-25,5,4765,1
2006-08-25,5,4837,3
2006-08-25,5,6197,2
2006-08-25,5,7132,2
2006-08-25,5,8070,7
2006-08-25,5,8075,5
2006-08-25,5,9316,1
2006-08-25,5,9625,2
2006-08-25,5,13609,1
2006-08-25,5,13867,2
2006-08-25,5,19875,1
2006-08-25,5,25973,1
2006-08-25,5,29550,2
2006-08-25,5,32632,1
2006-08-25,5,39570,1
2006-08-26,5,209,1
2006-08-26,5,2152,5
2006-08-26,5,2828,1
2006-08-26,5,3561,1
2006-08-26,5,4134,7
2006-08-26,5,4323,1
2006-08-26,5,4837,24
2006-08-26,5,5561,1
2006-08-26,5,7497,10
2006-08-26,5,8070,5
2006-08-26,5,8075,5
2006-08-26,5,9318,1
2006-08-26,5,9800,44
2006-08-26,5,12392,14
2006-08-26,5,13213,1
2006-08-26,5,13867,2
2006-08-26,5,15270,2
2006-08-26,5,16339,2
2006-08-27,5,702,2
2006-08-27,5,2152,6
2006-08-27,5,3301,2
2006-08-27,5,3561,1
2006-08-27,5,4134,31
2006-08-27,5,7132,2
2006-08-27,5,7497,123
2006-08-27,5,8070,4
2006-08-27,5,8075,5
2006-08-27,5,8111,1
2006-08-27,5,8151,1
2006-08-27,5,9156,3
2006-08-27,5,9318,2
2006-08-27,5,9800,36
2006-08-27,5,9829,1
2006-08-27,5,9919,1
2006-08-27,5,13867,2
2006-08-27,5,15169,4
2006-08-27,5,15270,2
2006-08-27,5,15389,1
2006-08-27,5,15635,1
2006-08-27,5,18566,2
2006-08-27,5,20940,2
2006-08-27,5,21844,1
2006-08-27,5,22781,1
2006-08-27,5,22822,4
2006-08-27,5,26085,2
2006-08-27,5,26101,5
2006-08-27,5,32229,2
2006-08-27,5,35511,1
2006-08-28,5,2152,4
2006-08-28,5,4134,3
2006-08-28,5,4766,2
2006-08-28,5,5410,3
2006-08-28,5,6478,2
2006-08-28,5,7018,36
2006-08-28,5,7132,2
2006-08-28,5,7482,1
2006-08-28,5,8070,6
2006-08-28,5,8075,4
2006-08-28,5,9316,1
2006-08-28,5,13867,2
2006-08-28,5,22653,2
2006-08-28,5,24400,1
2006-08-28,5,32387,1
2006-08-29,5,2152,5
2006-08-29,5,3561,2
2006-08-29,5,4134,2
2006-08-29,5,4766,3
2006-08-29,5,6740,2
2006-08-29,5,6830,2
2006-08-29,5,7018,1
2006-08-29,5,7132,2
2006-08-29,5,8070,3
2006-08-29,5,8075,8
2006-08-29,5,8517,1
2006-08-29,5,9141,5
2006-08-29,5,9924,1
2006-08-29,5,10271,5
2006-08-29,5,12968,4
2006-08-29,5,13867,2
2006-08-29,5,19262,2
2006-08-29,5,21229,2
2006-08-29,5,22653,2
2006-08-29,5,36784,2
2006-08-30,5,2152,5
2006-08-30,5,2828,2
2006-08-30,5,3561,1
2006-08-30,5,5786,2
2006-08-30,5,7132,1
2006-08-30,5,8070,5
2006-08-30,5,8075,5
2006-08-30,5,8560,1
2006-08-30,5,13867,2
2006-08-30,5,18566,2
2006-08-30,5,26228,1
2006-08-30,5,29075,1
2006-08-30,5,29550,4
2006-08-31,5,2152,4
2006-08-31,5,2828,1
2006-08-31,5,3561,2
2006-08-31,5,4725,1
2006-08-31,5,6197,1
2006-08-31,5,7015,2
2006-08-31,5,8070,6
2006-08-31,5,8075,3
2006-08-31,5,8315,2
2006-08-31,5,9316,2
2006-08-31,5,9800,45
2006-08-31,5,9803,1
2006-08-31,5,13867,2
2006-08-31,5,14501,1
2006-08-31,5,15802,4
2006-08-31,5,17785,2
2006-08-31,5,20853,1
2006-08-31,5,25653,1
2006-08-31,5,27645,1
2006-08-31,5,29550,4
2006-08-31,5,30058,1
2006-09-01,5,209,1
2006-09-01,5,1668,2
2006-09-01,5,2152,4
2006-09-01,5,2497,2
2006-09-01,5,3561,1
2006-09-01,5,4134,1
2006-09-01,5,4725,1
2006-09-01,5,7725,5
2006-09-01,5,8070,5
2006-09-01,5,8075,5
2006-09-01,5,9318,2
2006-09-01,5,12322,2
2006-09-01,5,13867,3
2006-09-01,5,14361,1
2006-09-01,5,23859,1
2006-09-01,5,25351,4
2006-09-02,5,2152,5
2006-09-02,5,3561,2
2006-09-02,5,4134,3
2006-09-02,5,4755,2
2006-09-02,5,4837,5
2006-09-02,5,6128,2
2006-09-02,5,6197,2
2006-09-02,5,7132,2
2006-09-02,5,8070,3
2006-09-02,5,8075,5
2006-09-02,5,9318,1
2006-09-02,5,11845,1
2006-09-02,5,13867,2
2006-09-02,5,14265,2
2006-09-02,5,15703,1
2006-09-02,5,17557,1
2006-09-02,5,18302,1
2006-09-02,5,18566,2
2006-09-02,5,18942,1
2006-09-02,5,31110,1
2006-09-03,5,209,1
2006-09-03,5,2152,4
2006-09-03,5,2828,5
2006-09-03,5,3462,1
2006-09-03,5,3561,1
2006-09-03,5,4134,1
2006-09-03,5,4279,2
2006-09-03,5,4766,2
2006-09-03,5,7497,22
2006-09-03,5,8070,6
2006-09-03,5,8075,4
2006-09-03,5,13867,2
2006-09-03,5,14745,4
2006-09-03,5,15802,1
2006-09-03,5,18942,1
2006-09-04,5,209,1
2006-09-04,5,2152,5
2006-09-04,5,2828,4
2006-09-04,5,3462,2
2006-09-04,5,3561,1
2006-09-04,5,4134,23
2006-09-04,5,4837,5
2006-09-04,5,6356,2
2006-09-04,5,7482,1
2006-09-04,5,8070,4
2006-09-04,5,8075,7
2006-09-04,5,9371,1
2006-09-04,5,13768,3
2006-09-04,5,13867,2
2006-09-05,5,4134,3
2006-09-05,5,6356,2
